{"depth": 8.827098485602953, "learning_rate": 0.07157834209670008}